CREATE DATABASE  IF NOT EXISTS `administracionescolar` /*!40100 DEFAULT CHARACTER SET utf8mb4 COLLATE utf8mb4_0900_ai_ci */ /*!80016 DEFAULT ENCRYPTION='N' */;
USE `administracionescolar`;
-- MySQL dump 10.13  Distrib 8.0.21, for Win64 (x86_64)
--
-- Host: localhost    Database: administracionescolar
-- ------------------------------------------------------
-- Server version	8.0.21

/*!40101 SET @OLD_CHARACTER_SET_CLIENT=@@CHARACTER_SET_CLIENT */;
/*!40101 SET @OLD_CHARACTER_SET_RESULTS=@@CHARACTER_SET_RESULTS */;
/*!40101 SET @OLD_COLLATION_CONNECTION=@@COLLATION_CONNECTION */;
/*!50503 SET NAMES utf8 */;
/*!40103 SET @OLD_TIME_ZONE=@@TIME_ZONE */;
/*!40103 SET TIME_ZONE='+00:00' */;
/*!40014 SET @OLD_UNIQUE_CHECKS=@@UNIQUE_CHECKS, UNIQUE_CHECKS=0 */;
/*!40014 SET @OLD_FOREIGN_KEY_CHECKS=@@FOREIGN_KEY_CHECKS, FOREIGN_KEY_CHECKS=0 */;
/*!40101 SET @OLD_SQL_MODE=@@SQL_MODE, SQL_MODE='NO_AUTO_VALUE_ON_ZERO' */;
/*!40111 SET @OLD_SQL_NOTES=@@SQL_NOTES, SQL_NOTES=0 */;

--
-- Table structure for table `actividades`
--

DROP TABLE IF EXISTS `actividades`;
/*!40101 SET @saved_cs_client     = @@character_set_client */;
/*!50503 SET character_set_client = utf8mb4 */;
CREATE TABLE `actividades` (
  `idActividad` int NOT NULL AUTO_INCREMENT,
  `idDocente` int DEFAULT NULL,
  `idMateria` int DEFAULT NULL,
  `Nombre_Actividad` varchar(45) DEFAULT NULL,
  `Porcentaje` int DEFAULT NULL,
  `Ultima_Modificacion` date DEFAULT NULL,
  `Estado` int DEFAULT NULL,
  PRIMARY KEY (`idActividad`),
  KEY `FK_idDocente2_idx` (`idDocente`),
  KEY `FK_idMateria3_idx` (`idMateria`),
  CONSTRAINT `FK_idDocente3` FOREIGN KEY (`idDocente`) REFERENCES `docentes` (`idDocente`),
  CONSTRAINT `FK_idMateria4` FOREIGN KEY (`idMateria`) REFERENCES `materias` (`idMateria`)
) ENGINE=InnoDB AUTO_INCREMENT=6 DEFAULT CHARSET=utf8mb4 COLLATE=utf8mb4_0900_ai_ci;
/*!40101 SET character_set_client = @saved_cs_client */;

--
-- Dumping data for table `actividades`
--

LOCK TABLES `actividades` WRITE;
/*!40000 ALTER TABLE `actividades` DISABLE KEYS */;
INSERT INTO `actividades` VALUES (1,1,1,'trigonometria',10,NULL,1),(2,1,2,'obras',20,NULL,1),(3,1,3,'medio ambiente',30,NULL,1),(4,1,4,'guerra civil',40,NULL,1),(5,1,5,'leyes de newton',50,NULL,1);
/*!40000 ALTER TABLE `actividades` ENABLE KEYS */;
UNLOCK TABLES;

--
-- Table structure for table `actividades_estudiantes`
--

DROP TABLE IF EXISTS `actividades_estudiantes`;
/*!40101 SET @saved_cs_client     = @@character_set_client */;
/*!50503 SET character_set_client = utf8mb4 */;
CREATE TABLE `actividades_estudiantes` (
  `idActividadEstudiante` int NOT NULL AUTO_INCREMENT,
  `idEstudiante` int DEFAULT NULL,
  `idActividad` int DEFAULT NULL,
  `Nota_Obtenida` decimal(4,2) DEFAULT NULL,
  `Archivo` mediumblob,
  `Ultima_Modificacion` date DEFAULT NULL,
  `Estado` int DEFAULT NULL,
  PRIMARY KEY (`idActividadEstudiante`),
  KEY `FK_idEstudiante_idx` (`idEstudiante`),
  KEY `FK_idActividad_idx` (`idActividad`),
  CONSTRAINT `FK_idActividad` FOREIGN KEY (`idActividad`) REFERENCES `actividades` (`idActividad`),
  CONSTRAINT `FK_idEstudiante` FOREIGN KEY (`idEstudiante`) REFERENCES `estudiantes` (`idEstudiante`)
) ENGINE=InnoDB AUTO_INCREMENT=6 DEFAULT CHARSET=utf8mb4 COLLATE=utf8mb4_0900_ai_ci;
/*!40101 SET character_set_client = @saved_cs_client */;

--
-- Dumping data for table `actividades_estudiantes`
--

LOCK TABLES `actividades_estudiantes` WRITE;
/*!40000 ALTER TABLE `actividades_estudiantes` DISABLE KEYS */;
INSERT INTO `actividades_estudiantes` VALUES (1,1,1,9.00,NULL,NULL,1),(2,2,2,9.00,NULL,NULL,1),(3,3,3,9.00,NULL,NULL,1),(4,4,4,9.00,NULL,NULL,1),(5,5,5,9.00,NULL,NULL,1);
/*!40000 ALTER TABLE `actividades_estudiantes` ENABLE KEYS */;
UNLOCK TABLES;

--
-- Table structure for table `docentes`
--

DROP TABLE IF EXISTS `docentes`;
/*!40101 SET @saved_cs_client     = @@character_set_client */;
/*!50503 SET character_set_client = utf8mb4 */;
CREATE TABLE `docentes` (
  `idDocente` int NOT NULL AUTO_INCREMENT,
  `idPersona` int DEFAULT NULL,
  `Correo_Electronico` varchar(100) DEFAULT NULL,
  `Pass` varchar(600) DEFAULT NULL,
  `Especialidad` varchar(45) DEFAULT NULL,
  `Ultima_Modificacion` date DEFAULT NULL,
  `Estado` int DEFAULT NULL,
  PRIMARY KEY (`idDocente`),
  KEY `FK_idPersona_idx` (`idPersona`),
  CONSTRAINT `FK_idPersona` FOREIGN KEY (`idPersona`) REFERENCES `personas` (`idPersona`)
) ENGINE=InnoDB AUTO_INCREMENT=2 DEFAULT CHARSET=utf8mb4 COLLATE=utf8mb4_0900_ai_ci;
/*!40101 SET character_set_client = @saved_cs_client */;

--
-- Dumping data for table `docentes`
--

LOCK TABLES `docentes` WRITE;
/*!40000 ALTER TABLE `docentes` DISABLE KEYS */;
INSERT INTO `docentes` VALUES (1,6,'juanperesosa@unab.edu.sv','123','Matematicas',NULL,1);
/*!40000 ALTER TABLE `docentes` ENABLE KEYS */;
UNLOCK TABLES;

--
-- Table structure for table `estudiantes`
--

DROP TABLE IF EXISTS `estudiantes`;
/*!40101 SET @saved_cs_client     = @@character_set_client */;
/*!50503 SET character_set_client = utf8mb4 */;
CREATE TABLE `estudiantes` (
  `idEstudiante` int NOT NULL AUTO_INCREMENT,
  `idPersona` int DEFAULT NULL,
  `Correo_Electronico` varchar(100) DEFAULT NULL,
  `Pass` varchar(600) DEFAULT NULL,
  `idGradoAcademico` int DEFAULT NULL,
  `Ultima_Modificacion` date DEFAULT NULL,
  `Estado` int DEFAULT NULL,
  PRIMARY KEY (`idEstudiante`),
  KEY `FK_idPersona1_idx` (`idPersona`),
  KEY `FK_idGradoAcademico_idx` (`idGradoAcademico`),
  CONSTRAINT `FK_idGradoAcademico` FOREIGN KEY (`idGradoAcademico`) REFERENCES `grados_academicos` (`idGradoAcademico`),
  CONSTRAINT `FK_idPersona1` FOREIGN KEY (`idPersona`) REFERENCES `personas` (`idPersona`)
) ENGINE=InnoDB AUTO_INCREMENT=6 DEFAULT CHARSET=utf8mb4 COLLATE=utf8mb4_0900_ai_ci;
/*!40101 SET character_set_client = @saved_cs_client */;

--
-- Dumping data for table `estudiantes`
--

LOCK TABLES `estudiantes` WRITE;
/*!40000 ALTER TABLE `estudiantes` DISABLE KEYS */;
INSERT INTO `estudiantes` VALUES (1,1,'fatimacalle@unab.edu.sv','123',1,NULL,1),(2,2,'andrescordova@unab.edu.sv','123',2,NULL,1),(3,3,'dayanacastra@unab.edu.sv','123',3,NULL,1),(4,4,'joshua@unab.edu.sv','123',4,NULL,1),(5,5,'betocalderon@unab.edu.sv','123',5,NULL,1);
/*!40000 ALTER TABLE `estudiantes` ENABLE KEYS */;
UNLOCK TABLES;

--
-- Table structure for table `grados_academicos`
--

DROP TABLE IF EXISTS `grados_academicos`;
/*!40101 SET @saved_cs_client     = @@character_set_client */;
/*!50503 SET character_set_client = utf8mb4 */;
CREATE TABLE `grados_academicos` (
  `idGradoAcademico` int NOT NULL AUTO_INCREMENT,
  `Nombre_GradoAcad` varchar(50) DEFAULT NULL,
  `Ultima_Modificacion` date DEFAULT NULL,
  `Estado` int DEFAULT NULL,
  PRIMARY KEY (`idGradoAcademico`)
) ENGINE=InnoDB AUTO_INCREMENT=6 DEFAULT CHARSET=utf8mb4 COLLATE=utf8mb4_0900_ai_ci;
/*!40101 SET character_set_client = @saved_cs_client */;

--
-- Dumping data for table `grados_academicos`
--

LOCK TABLES `grados_academicos` WRITE;
/*!40000 ALTER TABLE `grados_academicos` DISABLE KEYS */;
INSERT INTO `grados_academicos` VALUES (1,'primero',NULL,1),(2,'segundo',NULL,1),(3,'tercero',NULL,1),(4,'cuarto',NULL,1),(5,'quinto',NULL,1);
/*!40000 ALTER TABLE `grados_academicos` ENABLE KEYS */;
UNLOCK TABLES;

--
-- Table structure for table `materias`
--

DROP TABLE IF EXISTS `materias`;
/*!40101 SET @saved_cs_client     = @@character_set_client */;
/*!50503 SET character_set_client = utf8mb4 */;
CREATE TABLE `materias` (
  `idMateria` int NOT NULL AUTO_INCREMENT,
  `idGradoAcademico` int DEFAULT NULL,
  `Nombre_Materia` varchar(45) DEFAULT NULL,
  `Ultima_Modificacion` date DEFAULT NULL,
  `Estado` int DEFAULT NULL,
  PRIMARY KEY (`idMateria`),
  KEY `fk_idMateria_idx` (`idMateria`)
) ENGINE=InnoDB AUTO_INCREMENT=6 DEFAULT CHARSET=utf8mb4 COLLATE=utf8mb4_0900_ai_ci;
/*!40101 SET character_set_client = @saved_cs_client */;

--
-- Dumping data for table `materias`
--

LOCK TABLES `materias` WRITE;
/*!40000 ALTER TABLE `materias` DISABLE KEYS */;
INSERT INTO `materias` VALUES (1,1,'matematicas',NULL,1),(2,1,'lenguaje',NULL,1),(3,1,'ciencias',NULL,1),(4,1,'sociales',NULL,1),(5,1,'fisica',NULL,1);
/*!40000 ALTER TABLE `materias` ENABLE KEYS */;
UNLOCK TABLES;

--
-- Table structure for table `materias_alumnos`
--

DROP TABLE IF EXISTS `materias_alumnos`;
/*!40101 SET @saved_cs_client     = @@character_set_client */;
/*!50503 SET character_set_client = utf8mb4 */;
CREATE TABLE `materias_alumnos` (
  `idMateriaAlumno` int NOT NULL AUTO_INCREMENT,
  `idEstudiante` int DEFAULT NULL,
  `idMateria` int DEFAULT NULL,
  `Ultima_Modificacion` date DEFAULT NULL,
  `Estado` int DEFAULT NULL,
  PRIMARY KEY (`idMateriaAlumno`),
  KEY `FK_idEstudiante_idx` (`idEstudiante`),
  KEY `FK_idMateria_idx` (`idMateria`),
  CONSTRAINT `FK_idEstudiante1` FOREIGN KEY (`idEstudiante`) REFERENCES `estudiantes` (`idEstudiante`),
  CONSTRAINT `FK_idMateria1` FOREIGN KEY (`idMateria`) REFERENCES `materias` (`idMateria`)
) ENGINE=InnoDB AUTO_INCREMENT=11 DEFAULT CHARSET=utf8mb4 COLLATE=utf8mb4_0900_ai_ci;
/*!40101 SET character_set_client = @saved_cs_client */;

--
-- Dumping data for table `materias_alumnos`
--

LOCK TABLES `materias_alumnos` WRITE;
/*!40000 ALTER TABLE `materias_alumnos` DISABLE KEYS */;
INSERT INTO `materias_alumnos` VALUES (6,1,1,NULL,1),(7,2,2,NULL,1),(8,3,3,NULL,1),(9,4,4,NULL,1),(10,5,5,NULL,1);
/*!40000 ALTER TABLE `materias_alumnos` ENABLE KEYS */;
UNLOCK TABLES;

--
-- Table structure for table `materias_docentes`
--

DROP TABLE IF EXISTS `materias_docentes`;
/*!40101 SET @saved_cs_client     = @@character_set_client */;
/*!50503 SET character_set_client = utf8mb4 */;
CREATE TABLE `materias_docentes` (
  `idMateriaDocente` int NOT NULL AUTO_INCREMENT,
  `idDocente` int DEFAULT NULL,
  `idMateria` int DEFAULT NULL,
  `Ultima_Modificacion` date DEFAULT NULL,
  `Estado` int DEFAULT NULL,
  PRIMARY KEY (`idMateriaDocente`),
  KEY `FK_idDocente_idx` (`idDocente`),
  KEY `FK_idMateria2_idx` (`idMateria`),
  CONSTRAINT `FK_idDocente1` FOREIGN KEY (`idDocente`) REFERENCES `docentes` (`idDocente`),
  CONSTRAINT `FK_idMateria2` FOREIGN KEY (`idMateria`) REFERENCES `materias` (`idMateria`)
) ENGINE=InnoDB AUTO_INCREMENT=11 DEFAULT CHARSET=utf8mb4 COLLATE=utf8mb4_0900_ai_ci;
/*!40101 SET character_set_client = @saved_cs_client */;

--
-- Dumping data for table `materias_docentes`
--

LOCK TABLES `materias_docentes` WRITE;
/*!40000 ALTER TABLE `materias_docentes` DISABLE KEYS */;
INSERT INTO `materias_docentes` VALUES (6,1,1,NULL,1),(7,1,2,NULL,1),(8,1,3,NULL,1),(9,1,4,NULL,1),(10,1,5,NULL,1);
/*!40000 ALTER TABLE `materias_docentes` ENABLE KEYS */;
UNLOCK TABLES;

--
-- Table structure for table `notas`
--

DROP TABLE IF EXISTS `notas`;
/*!40101 SET @saved_cs_client     = @@character_set_client */;
/*!50503 SET character_set_client = utf8mb4 */;
CREATE TABLE `notas` (
  `idNota` int NOT NULL AUTO_INCREMENT,
  `idEstudiante` int DEFAULT NULL,
  `idMateria` int DEFAULT NULL,
  `Periodo1` decimal(4,2) DEFAULT NULL,
  `Periodo2` decimal(4,2) DEFAULT NULL,
  `Periodo3` decimal(4,2) DEFAULT NULL,
  `Nota_Final` decimal(4,2) DEFAULT NULL,
  `Recuperacion` decimal(4,2) DEFAULT NULL,
  `Ultima_Modificacion` date DEFAULT NULL,
  `Estado` int DEFAULT NULL,
  PRIMARY KEY (`idNota`),
  KEY `FK_idEstudiante1_idx` (`idEstudiante`),
  KEY `FK_idMateria_idx` (`idMateria`),
  CONSTRAINT `FK_idEstudiante2` FOREIGN KEY (`idEstudiante`) REFERENCES `estudiantes` (`idEstudiante`),
  CONSTRAINT `FK_idMateria3` FOREIGN KEY (`idMateria`) REFERENCES `materias` (`idMateria`)
) ENGINE=InnoDB AUTO_INCREMENT=6 DEFAULT CHARSET=utf8mb4 COLLATE=utf8mb4_0900_ai_ci;
/*!40101 SET character_set_client = @saved_cs_client */;

--
-- Dumping data for table `notas`
--

LOCK TABLES `notas` WRITE;
/*!40000 ALTER TABLE `notas` DISABLE KEYS */;
INSERT INTO `notas` VALUES (1,1,1,9.00,9.00,9.00,9.00,NULL,NULL,1),(2,2,2,9.00,9.00,9.00,9.00,NULL,NULL,1),(3,3,3,9.00,9.00,9.00,9.00,NULL,NULL,1),(4,4,4,9.00,9.00,9.00,9.00,NULL,NULL,1),(5,5,5,9.00,9.00,9.00,9.00,NULL,NULL,1);
/*!40000 ALTER TABLE `notas` ENABLE KEYS */;
UNLOCK TABLES;

--
-- Table structure for table `personas`
--

DROP TABLE IF EXISTS `personas`;
/*!40101 SET @saved_cs_client     = @@character_set_client */;
/*!50503 SET character_set_client = utf8mb4 */;
CREATE TABLE `personas` (
  `idPersona` int NOT NULL AUTO_INCREMENT,
  `Nombre` varchar(45) DEFAULT NULL,
  `Apellido` varchar(45) DEFAULT NULL,
  `Sexo` varchar(45) DEFAULT NULL,
  `Dui` varchar(45) DEFAULT NULL,
  `Nit` varchar(45) DEFAULT NULL,
  `Fecha_Nacimiento` date DEFAULT NULL,
  `Ultima_Modificacion` date DEFAULT NULL,
  `Estado` int DEFAULT NULL,
  PRIMARY KEY (`idPersona`)
) ENGINE=InnoDB AUTO_INCREMENT=7 DEFAULT CHARSET=utf8mb4 COLLATE=utf8mb4_0900_ai_ci;
/*!40101 SET character_set_client = @saved_cs_client */;

--
-- Dumping data for table `personas`
--

LOCK TABLES `personas` WRITE;
/*!40000 ALTER TABLE `personas` DISABLE KEYS */;
INSERT INTO `personas` VALUES (1,'Fatima','Calle','F','343243423','3243243432','2000-01-01',NULL,1),(2,'Andres','Cordova','M','34354543434','234325436','2000-05-03',NULL,1),(3,'Dayana','Castra','F','675454333','783278474398','1990-08-04',NULL,1),(4,'Joshua',NULL,'M','6438748943',NULL,'2005-03-07',NULL,1),(5,'Beto ','Calderon','M','7438746743','7848498439','1819-03-09',NULL,1),(6,'Juan pere','Sosa',NULL,NULL,NULL,'2010-04-06',NULL,NULL);
/*!40000 ALTER TABLE `personas` ENABLE KEYS */;
UNLOCK TABLES;

--
-- Dumping routines for database 'administracionescolar'
--
/*!50003 DROP PROCEDURE IF EXISTS `SP_D_DOCENTES` */;
/*!50003 SET @saved_cs_client      = @@character_set_client */ ;
/*!50003 SET @saved_cs_results     = @@character_set_results */ ;
/*!50003 SET @saved_col_connection = @@collation_connection */ ;
/*!50003 SET character_set_client  = utf8mb4 */ ;
/*!50003 SET character_set_results = utf8mb4 */ ;
/*!50003 SET collation_connection  = utf8mb4_0900_ai_ci */ ;
/*!50003 SET @saved_sql_mode       = @@sql_mode */ ;
/*!50003 SET sql_mode              = 'STRICT_TRANS_TABLES,NO_ENGINE_SUBSTITUTION' */ ;
DELIMITER ;;
CREATE DEFINER=`root`@`localhost` PROCEDURE `SP_D_DOCENTES`(
PidDocente int (11))
BEGIN
delete from docentes where idDocente = PidDocente;
END ;;
DELIMITER ;
/*!50003 SET sql_mode              = @saved_sql_mode */ ;
/*!50003 SET character_set_client  = @saved_cs_client */ ;
/*!50003 SET character_set_results = @saved_cs_results */ ;
/*!50003 SET collation_connection  = @saved_col_connection */ ;
/*!50003 DROP PROCEDURE IF EXISTS `SP_D_ESTUDIANTES` */;
/*!50003 SET @saved_cs_client      = @@character_set_client */ ;
/*!50003 SET @saved_cs_results     = @@character_set_results */ ;
/*!50003 SET @saved_col_connection = @@collation_connection */ ;
/*!50003 SET character_set_client  = utf8mb4 */ ;
/*!50003 SET character_set_results = utf8mb4 */ ;
/*!50003 SET collation_connection  = utf8mb4_0900_ai_ci */ ;
/*!50003 SET @saved_sql_mode       = @@sql_mode */ ;
/*!50003 SET sql_mode              = 'STRICT_TRANS_TABLES,NO_ENGINE_SUBSTITUTION' */ ;
DELIMITER ;;
CREATE DEFINER=`root`@`localhost` PROCEDURE `SP_D_ESTUDIANTES`(
PidEstudiante int(11))
BEGIN
delete from estudiantes where idEstudiante = PidEstudiante;
END ;;
DELIMITER ;
/*!50003 SET sql_mode              = @saved_sql_mode */ ;
/*!50003 SET character_set_client  = @saved_cs_client */ ;
/*!50003 SET character_set_results = @saved_cs_results */ ;
/*!50003 SET collation_connection  = @saved_col_connection */ ;
/*!50003 DROP PROCEDURE IF EXISTS `SP_D_GRADOS_ACADEMICOS` */;
/*!50003 SET @saved_cs_client      = @@character_set_client */ ;
/*!50003 SET @saved_cs_results     = @@character_set_results */ ;
/*!50003 SET @saved_col_connection = @@collation_connection */ ;
/*!50003 SET character_set_client  = utf8 */ ;
/*!50003 SET character_set_results = utf8 */ ;
/*!50003 SET collation_connection  = utf8_general_ci */ ;
/*!50003 SET @saved_sql_mode       = @@sql_mode */ ;
/*!50003 SET sql_mode              = 'NO_AUTO_VALUE_ON_ZERO' */ ;
DELIMITER ;;
CREATE DEFINER=`root`@`localhost` PROCEDURE `SP_D_GRADOS_ACADEMICOS`(
PIdGradoAcademico int(11)
)
BEGIN
delete from grados_academicos where idGradoAcademico = PIdGradoAcademico;
END ;;
DELIMITER ;
/*!50003 SET sql_mode              = @saved_sql_mode */ ;
/*!50003 SET character_set_client  = @saved_cs_client */ ;
/*!50003 SET character_set_results = @saved_cs_results */ ;
/*!50003 SET collation_connection  = @saved_col_connection */ ;
/*!50003 DROP PROCEDURE IF EXISTS `SP_D_MATERIAS` */;
/*!50003 SET @saved_cs_client      = @@character_set_client */ ;
/*!50003 SET @saved_cs_results     = @@character_set_results */ ;
/*!50003 SET @saved_col_connection = @@collation_connection */ ;
/*!50003 SET character_set_client  = utf8mb4 */ ;
/*!50003 SET character_set_results = utf8mb4 */ ;
/*!50003 SET collation_connection  = utf8mb4_0900_ai_ci */ ;
/*!50003 SET @saved_sql_mode       = @@sql_mode */ ;
/*!50003 SET sql_mode              = 'STRICT_TRANS_TABLES,NO_ENGINE_SUBSTITUTION' */ ;
DELIMITER ;;
CREATE DEFINER=`root`@`localhost` PROCEDURE `SP_D_MATERIAS`(
PIdMateria int (12)
)
BEGIN
delete from materias where idMateria = PIdMateria;
END ;;
DELIMITER ;
/*!50003 SET sql_mode              = @saved_sql_mode */ ;
/*!50003 SET character_set_client  = @saved_cs_client */ ;
/*!50003 SET character_set_results = @saved_cs_results */ ;
/*!50003 SET collation_connection  = @saved_col_connection */ ;
/*!50003 DROP PROCEDURE IF EXISTS `SP_D_MATERIAS_ALUMNOS` */;
/*!50003 SET @saved_cs_client      = @@character_set_client */ ;
/*!50003 SET @saved_cs_results     = @@character_set_results */ ;
/*!50003 SET @saved_col_connection = @@collation_connection */ ;
/*!50003 SET character_set_client  = utf8mb4 */ ;
/*!50003 SET character_set_results = utf8mb4 */ ;
/*!50003 SET collation_connection  = utf8mb4_0900_ai_ci */ ;
/*!50003 SET @saved_sql_mode       = @@sql_mode */ ;
/*!50003 SET sql_mode              = 'STRICT_TRANS_TABLES,NO_ENGINE_SUBSTITUTION' */ ;
DELIMITER ;;
CREATE DEFINER=`root`@`localhost` PROCEDURE `SP_D_MATERIAS_ALUMNOS`(
PIdMateriaAlumno int (11)
)
BEGIN
delete from materias_alumnos where idMateriaAlumno = PIdMateriaAlumno;
END ;;
DELIMITER ;
/*!50003 SET sql_mode              = @saved_sql_mode */ ;
/*!50003 SET character_set_client  = @saved_cs_client */ ;
/*!50003 SET character_set_results = @saved_cs_results */ ;
/*!50003 SET collation_connection  = @saved_col_connection */ ;
/*!50003 DROP PROCEDURE IF EXISTS `SP_D_MATERIAS_DOCENTES` */;
/*!50003 SET @saved_cs_client      = @@character_set_client */ ;
/*!50003 SET @saved_cs_results     = @@character_set_results */ ;
/*!50003 SET @saved_col_connection = @@collation_connection */ ;
/*!50003 SET character_set_client  = utf8mb4 */ ;
/*!50003 SET character_set_results = utf8mb4 */ ;
/*!50003 SET collation_connection  = utf8mb4_0900_ai_ci */ ;
/*!50003 SET @saved_sql_mode       = @@sql_mode */ ;
/*!50003 SET sql_mode              = 'STRICT_TRANS_TABLES,NO_ENGINE_SUBSTITUTION' */ ;
DELIMITER ;;
CREATE DEFINER=`root`@`localhost` PROCEDURE `SP_D_MATERIAS_DOCENTES`(
PIdMateriaDocente int (11)
)
BEGIN
delete from materias_docentes where idMateriaDocente = PIdMateriaDocente;
END ;;
DELIMITER ;
/*!50003 SET sql_mode              = @saved_sql_mode */ ;
/*!50003 SET character_set_client  = @saved_cs_client */ ;
/*!50003 SET character_set_results = @saved_cs_results */ ;
/*!50003 SET collation_connection  = @saved_col_connection */ ;
/*!50003 DROP PROCEDURE IF EXISTS `SP_D_NOTAS` */;
/*!50003 SET @saved_cs_client      = @@character_set_client */ ;
/*!50003 SET @saved_cs_results     = @@character_set_results */ ;
/*!50003 SET @saved_col_connection = @@collation_connection */ ;
/*!50003 SET character_set_client  = utf8mb4 */ ;
/*!50003 SET character_set_results = utf8mb4 */ ;
/*!50003 SET collation_connection  = utf8mb4_0900_ai_ci */ ;
/*!50003 SET @saved_sql_mode       = @@sql_mode */ ;
/*!50003 SET sql_mode              = 'STRICT_TRANS_TABLES,NO_ENGINE_SUBSTITUTION' */ ;
DELIMITER ;;
CREATE DEFINER=`root`@`localhost` PROCEDURE `SP_D_NOTAS`(
PIdNota int(11)
)
BEGIN
delete from notas where idNota = PIdNota;
END ;;
DELIMITER ;
/*!50003 SET sql_mode              = @saved_sql_mode */ ;
/*!50003 SET character_set_client  = @saved_cs_client */ ;
/*!50003 SET character_set_results = @saved_cs_results */ ;
/*!50003 SET collation_connection  = @saved_col_connection */ ;
/*!50003 DROP PROCEDURE IF EXISTS `SP_D_PERSONAS` */;
/*!50003 SET @saved_cs_client      = @@character_set_client */ ;
/*!50003 SET @saved_cs_results     = @@character_set_results */ ;
/*!50003 SET @saved_col_connection = @@collation_connection */ ;
/*!50003 SET character_set_client  = utf8mb4 */ ;
/*!50003 SET character_set_results = utf8mb4 */ ;
/*!50003 SET collation_connection  = utf8_general_ci */ ;
/*!50003 SET @saved_sql_mode       = @@sql_mode */ ;
/*!50003 SET sql_mode              = 'NO_AUTO_VALUE_ON_ZERO' */ ;
DELIMITER ;;
CREATE DEFINER=`root`@`localhost` PROCEDURE `SP_D_PERSONAS`(
PidPersona int(11))
BEGIN
delete from personas where idPersona = PidPersona;
END ;;
DELIMITER ;
/*!50003 SET sql_mode              = @saved_sql_mode */ ;
/*!50003 SET character_set_client  = @saved_cs_client */ ;
/*!50003 SET character_set_results = @saved_cs_results */ ;
/*!50003 SET collation_connection  = @saved_col_connection */ ;
/*!50003 DROP PROCEDURE IF EXISTS `SP_I_DOCENTES` */;
/*!50003 SET @saved_cs_client      = @@character_set_client */ ;
/*!50003 SET @saved_cs_results     = @@character_set_results */ ;
/*!50003 SET @saved_col_connection = @@collation_connection */ ;
/*!50003 SET character_set_client  = utf8mb4 */ ;
/*!50003 SET character_set_results = utf8mb4 */ ;
/*!50003 SET collation_connection  = utf8mb4_0900_ai_ci */ ;
/*!50003 SET @saved_sql_mode       = @@sql_mode */ ;
/*!50003 SET sql_mode              = 'STRICT_TRANS_TABLES,NO_ENGINE_SUBSTITUTION' */ ;
DELIMITER ;;
CREATE DEFINER=`root`@`localhost` PROCEDURE `SP_I_DOCENTES`(
PidPersona int(11),
PCorreo_Electronico varchar(45),
PPass varchar (600), 
PEspecialidad varchar(45),
PUltima_Modificacion date,
PEstado int(11))
BEGIN
INSERT INTO docentes ( idPersona, Correo_Electronico, Pass, Especialidad,  Ultima_Modificacion, Estado) 
values ( PidPersona, PCorreo_Electronico,sha2(PPass,512), PEspecialidad, PUltima_Modificacion, PEstado);
END ;;
DELIMITER ;
/*!50003 SET sql_mode              = @saved_sql_mode */ ;
/*!50003 SET character_set_client  = @saved_cs_client */ ;
/*!50003 SET character_set_results = @saved_cs_results */ ;
/*!50003 SET collation_connection  = @saved_col_connection */ ;
/*!50003 DROP PROCEDURE IF EXISTS `SP_I_ESTUDIANTES` */;
/*!50003 SET @saved_cs_client      = @@character_set_client */ ;
/*!50003 SET @saved_cs_results     = @@character_set_results */ ;
/*!50003 SET @saved_col_connection = @@collation_connection */ ;
/*!50003 SET character_set_client  = utf8mb4 */ ;
/*!50003 SET character_set_results = utf8mb4 */ ;
/*!50003 SET collation_connection  = utf8mb4_0900_ai_ci */ ;
/*!50003 SET @saved_sql_mode       = @@sql_mode */ ;
/*!50003 SET sql_mode              = 'STRICT_TRANS_TABLES,NO_ENGINE_SUBSTITUTION' */ ;
DELIMITER ;;
CREATE DEFINER=`root`@`localhost` PROCEDURE `SP_I_ESTUDIANTES`(
PidPersona int(11),
PCorreo_Electronico varchar(75),
PPass varchar (600), 
PidGradoAcademico int,
PUltima_Modificacion date,
PEstado int(11))
BEGIN
INSERT INTO estudiantes (idPersona, Correo_Electronico, Pass, idGradoAcademico, Ultima_Modificacion, Estado) 
values (PidPersona, Pcorreo_Electronico, sha2(PPass,512), PidGradoAcademico, PUltima_Modificacion, PEstado);
END ;;
DELIMITER ;
/*!50003 SET sql_mode              = @saved_sql_mode */ ;
/*!50003 SET character_set_client  = @saved_cs_client */ ;
/*!50003 SET character_set_results = @saved_cs_results */ ;
/*!50003 SET collation_connection  = @saved_col_connection */ ;
/*!50003 DROP PROCEDURE IF EXISTS `SP_I_GRADOS_ACADEMICOS` */;
/*!50003 SET @saved_cs_client      = @@character_set_client */ ;
/*!50003 SET @saved_cs_results     = @@character_set_results */ ;
/*!50003 SET @saved_col_connection = @@collation_connection */ ;
/*!50003 SET character_set_client  = utf8mb4 */ ;
/*!50003 SET character_set_results = utf8mb4 */ ;
/*!50003 SET collation_connection  = utf8mb4_0900_ai_ci */ ;
/*!50003 SET @saved_sql_mode       = @@sql_mode */ ;
/*!50003 SET sql_mode              = 'STRICT_TRANS_TABLES,NO_ENGINE_SUBSTITUTION' */ ;
DELIMITER ;;
CREATE DEFINER=`root`@`localhost` PROCEDURE `SP_I_GRADOS_ACADEMICOS`(
PIdGradoAcademico int(11),
PNombre_GradoAcad varchar(50),
PUltima_Modificacion date,
PEstado int(11)
)
BEGIN
insert into grados_academicos (Nombre_GradoAcad,Ultima_Modificacion,Estado) values (PNombre_GradoAcad,PUltima_Modificacion,PEstado);
END ;;
DELIMITER ;
/*!50003 SET sql_mode              = @saved_sql_mode */ ;
/*!50003 SET character_set_client  = @saved_cs_client */ ;
/*!50003 SET character_set_results = @saved_cs_results */ ;
/*!50003 SET collation_connection  = @saved_col_connection */ ;
/*!50003 DROP PROCEDURE IF EXISTS `SP_I_MATERIAS` */;
/*!50003 SET @saved_cs_client      = @@character_set_client */ ;
/*!50003 SET @saved_cs_results     = @@character_set_results */ ;
/*!50003 SET @saved_col_connection = @@collation_connection */ ;
/*!50003 SET character_set_client  = utf8mb4 */ ;
/*!50003 SET character_set_results = utf8mb4 */ ;
/*!50003 SET collation_connection  = utf8mb4_0900_ai_ci */ ;
/*!50003 SET @saved_sql_mode       = @@sql_mode */ ;
/*!50003 SET sql_mode              = 'STRICT_TRANS_TABLES,NO_ENGINE_SUBSTITUTION' */ ;
DELIMITER ;;
CREATE DEFINER=`root`@`localhost` PROCEDURE `SP_I_MATERIAS`(
PNombre_Materia Varchar (45),
PUltima_Modificacion date,
PEstado int(11)
)
BEGIN
insert into materias (Nombre_Materia,Ultima_Modificacion,Estado) values (PNombre_Materia,PUltima_Modificacion,PEstado);
END ;;
DELIMITER ;
/*!50003 SET sql_mode              = @saved_sql_mode */ ;
/*!50003 SET character_set_client  = @saved_cs_client */ ;
/*!50003 SET character_set_results = @saved_cs_results */ ;
/*!50003 SET collation_connection  = @saved_col_connection */ ;
/*!50003 DROP PROCEDURE IF EXISTS `SP_I_MATERIAS_ALUMNOS` */;
/*!50003 SET @saved_cs_client      = @@character_set_client */ ;
/*!50003 SET @saved_cs_results     = @@character_set_results */ ;
/*!50003 SET @saved_col_connection = @@collation_connection */ ;
/*!50003 SET character_set_client  = utf8mb4 */ ;
/*!50003 SET character_set_results = utf8mb4 */ ;
/*!50003 SET collation_connection  = utf8mb4_0900_ai_ci */ ;
/*!50003 SET @saved_sql_mode       = @@sql_mode */ ;
/*!50003 SET sql_mode              = 'STRICT_TRANS_TABLES,NO_ENGINE_SUBSTITUTION' */ ;
DELIMITER ;;
CREATE DEFINER=`root`@`localhost` PROCEDURE `SP_I_MATERIAS_ALUMNOS`(
PidEstudiante int(11),
PidMateria int(11),
PUltima_Modificacion varchar (45),
PEstado int(11)
)
BEGIN
insert into materias_alumnos(idEstudiante, idMateria, Ultima_Modificacion, Estado) 
values(PidEstudiante, PidMateria, PUltima_Modificacion, PEstado);
END ;;
DELIMITER ;
/*!50003 SET sql_mode              = @saved_sql_mode */ ;
/*!50003 SET character_set_client  = @saved_cs_client */ ;
/*!50003 SET character_set_results = @saved_cs_results */ ;
/*!50003 SET collation_connection  = @saved_col_connection */ ;
/*!50003 DROP PROCEDURE IF EXISTS `SP_I_MATERIAS_DOCENTES` */;
/*!50003 SET @saved_cs_client      = @@character_set_client */ ;
/*!50003 SET @saved_cs_results     = @@character_set_results */ ;
/*!50003 SET @saved_col_connection = @@collation_connection */ ;
/*!50003 SET character_set_client  = utf8mb4 */ ;
/*!50003 SET character_set_results = utf8mb4 */ ;
/*!50003 SET collation_connection  = utf8mb4_0900_ai_ci */ ;
/*!50003 SET @saved_sql_mode       = @@sql_mode */ ;
/*!50003 SET sql_mode              = 'STRICT_TRANS_TABLES,NO_ENGINE_SUBSTITUTION' */ ;
DELIMITER ;;
CREATE DEFINER=`root`@`localhost` PROCEDURE `SP_I_MATERIAS_DOCENTES`(
PidDocente int(11),
PidMateria int(11),
PUltima_Modificacion varchar (45),
PEstado int(11)
)
BEGIN
insert into materias_docentes(idDocente, idMateria, Ultima_Modificacion, Estado) 
values(PidDocente, PidMateria, PUltima_Modificacion, PEstado);
END ;;
DELIMITER ;
/*!50003 SET sql_mode              = @saved_sql_mode */ ;
/*!50003 SET character_set_client  = @saved_cs_client */ ;
/*!50003 SET character_set_results = @saved_cs_results */ ;
/*!50003 SET collation_connection  = @saved_col_connection */ ;
/*!50003 DROP PROCEDURE IF EXISTS `SP_I_NOTAS` */;
/*!50003 SET @saved_cs_client      = @@character_set_client */ ;
/*!50003 SET @saved_cs_results     = @@character_set_results */ ;
/*!50003 SET @saved_col_connection = @@collation_connection */ ;
/*!50003 SET character_set_client  = utf8mb4 */ ;
/*!50003 SET character_set_results = utf8mb4 */ ;
/*!50003 SET collation_connection  = utf8mb4_0900_ai_ci */ ;
/*!50003 SET @saved_sql_mode       = @@sql_mode */ ;
/*!50003 SET sql_mode              = 'STRICT_TRANS_TABLES,NO_ENGINE_SUBSTITUTION' */ ;
DELIMITER ;;
CREATE DEFINER=`root`@`localhost` PROCEDURE `SP_I_NOTAS`(
PidEstudiante int(11),
PidMateria int(11),
PPeriodo1 decimal(4,2),
PPeriodo2 decimal(4,2),
PPeriodo3 decimal(4,2),
PNota_Final decimal(4,2),
PRecuperacion decimal(4,2),
PUltima_Modificacion date,
PEstado int(11)
)
BEGIN
insert into notas(idEstudiante,idMateria,Periodo1,Periodo2,Periodo3,Nota_Final,Ultima_Modificacion,Estado)
values (PidEstudiante,PidMateria,PPeriodo1, PPeriodo2, PPeriodo3, PNotaFinal, PUltima_Modificacion,PEstado);
END ;;
DELIMITER ;
/*!50003 SET sql_mode              = @saved_sql_mode */ ;
/*!50003 SET character_set_client  = @saved_cs_client */ ;
/*!50003 SET character_set_results = @saved_cs_results */ ;
/*!50003 SET collation_connection  = @saved_col_connection */ ;
/*!50003 DROP PROCEDURE IF EXISTS `SP_I_PERSONAS` */;
/*!50003 SET @saved_cs_client      = @@character_set_client */ ;
/*!50003 SET @saved_cs_results     = @@character_set_results */ ;
/*!50003 SET @saved_col_connection = @@collation_connection */ ;
/*!50003 SET character_set_client  = utf8mb4 */ ;
/*!50003 SET character_set_results = utf8mb4 */ ;
/*!50003 SET collation_connection  = utf8mb4_0900_ai_ci */ ;
/*!50003 SET @saved_sql_mode       = @@sql_mode */ ;
/*!50003 SET sql_mode              = 'STRICT_TRANS_TABLES,NO_ENGINE_SUBSTITUTION' */ ;
DELIMITER ;;
CREATE DEFINER=`root`@`localhost` PROCEDURE `SP_I_PERSONAS`(
PNombre varchar (45), 
PApellido varchar (45), 
PSexo varchar(45),
PDui varchar(45),
PNit varchar(45),
PFecha_Nacimiento date,
PUltima_Modificacion date,
PEstado int(11))
BEGIN
INSERT INTO personas (Nombre, Apellido, Sexo, Dui, Nit, Fecha_Nacimiento, Ultima_Modificacion, Estado) 
value (PNombre, PApellido, PSexo, PDui, PNit, PFecha_Nacimiento, PUltima_Modificacion, PEstado);
END ;;
DELIMITER ;
/*!50003 SET sql_mode              = @saved_sql_mode */ ;
/*!50003 SET character_set_client  = @saved_cs_client */ ;
/*!50003 SET character_set_results = @saved_cs_results */ ;
/*!50003 SET collation_connection  = @saved_col_connection */ ;
/*!50003 DROP PROCEDURE IF EXISTS `SP_S_CRIP` */;
/*!50003 SET @saved_cs_client      = @@character_set_client */ ;
/*!50003 SET @saved_cs_results     = @@character_set_results */ ;
/*!50003 SET @saved_col_connection = @@collation_connection */ ;
/*!50003 SET character_set_client  = utf8mb4 */ ;
/*!50003 SET character_set_results = utf8mb4 */ ;
/*!50003 SET collation_connection  = utf8mb4_0900_ai_ci */ ;
/*!50003 SET @saved_sql_mode       = @@sql_mode */ ;
/*!50003 SET sql_mode              = 'STRICT_TRANS_TABLES,NO_ENGINE_SUBSTITUTION' */ ;
DELIMITER ;;
CREATE DEFINER=`root`@`localhost` PROCEDURE `SP_S_CRIP`(
PCripPass varchar(600)
)
BEGIN
Select sha2(PCripPass, 512) as crip;
END ;;
DELIMITER ;
/*!50003 SET sql_mode              = @saved_sql_mode */ ;
/*!50003 SET character_set_client  = @saved_cs_client */ ;
/*!50003 SET character_set_results = @saved_cs_results */ ;
/*!50003 SET collation_connection  = @saved_col_connection */ ;
/*!50003 DROP PROCEDURE IF EXISTS `SP_S_DOCENTES` */;
/*!50003 SET @saved_cs_client      = @@character_set_client */ ;
/*!50003 SET @saved_cs_results     = @@character_set_results */ ;
/*!50003 SET @saved_col_connection = @@collation_connection */ ;
/*!50003 SET character_set_client  = utf8mb4 */ ;
/*!50003 SET character_set_results = utf8mb4 */ ;
/*!50003 SET collation_connection  = utf8mb4_0900_ai_ci */ ;
/*!50003 SET @saved_sql_mode       = @@sql_mode */ ;
/*!50003 SET sql_mode              = 'STRICT_TRANS_TABLES,NO_ENGINE_SUBSTITUTION' */ ;
DELIMITER ;;
CREATE DEFINER=`root`@`localhost` PROCEDURE `SP_S_DOCENTES`()
BEGIN
SELECT * FROM administracionescolar.docentes;
END ;;
DELIMITER ;
/*!50003 SET sql_mode              = @saved_sql_mode */ ;
/*!50003 SET character_set_client  = @saved_cs_client */ ;
/*!50003 SET character_set_results = @saved_cs_results */ ;
/*!50003 SET collation_connection  = @saved_col_connection */ ;
/*!50003 DROP PROCEDURE IF EXISTS `SP_S_ESTUDIANTES` */;
/*!50003 SET @saved_cs_client      = @@character_set_client */ ;
/*!50003 SET @saved_cs_results     = @@character_set_results */ ;
/*!50003 SET @saved_col_connection = @@collation_connection */ ;
/*!50003 SET character_set_client  = utf8mb4 */ ;
/*!50003 SET character_set_results = utf8mb4 */ ;
/*!50003 SET collation_connection  = utf8mb4_0900_ai_ci */ ;
/*!50003 SET @saved_sql_mode       = @@sql_mode */ ;
/*!50003 SET sql_mode              = 'STRICT_TRANS_TABLES,NO_ENGINE_SUBSTITUTION' */ ;
DELIMITER ;;
CREATE DEFINER=`root`@`localhost` PROCEDURE `SP_S_ESTUDIANTES`()
BEGIN
SELECT * FROM administracionescolar.estudiantes;
END ;;
DELIMITER ;
/*!50003 SET sql_mode              = @saved_sql_mode */ ;
/*!50003 SET character_set_client  = @saved_cs_client */ ;
/*!50003 SET character_set_results = @saved_cs_results */ ;
/*!50003 SET collation_connection  = @saved_col_connection */ ;
/*!50003 DROP PROCEDURE IF EXISTS `SP_S_GRADOS_ACADEMICOS` */;
/*!50003 SET @saved_cs_client      = @@character_set_client */ ;
/*!50003 SET @saved_cs_results     = @@character_set_results */ ;
/*!50003 SET @saved_col_connection = @@collation_connection */ ;
/*!50003 SET character_set_client  = utf8 */ ;
/*!50003 SET character_set_results = utf8 */ ;
/*!50003 SET collation_connection  = utf8_general_ci */ ;
/*!50003 SET @saved_sql_mode       = @@sql_mode */ ;
/*!50003 SET sql_mode              = 'NO_AUTO_VALUE_ON_ZERO' */ ;
DELIMITER ;;
CREATE DEFINER=`root`@`localhost` PROCEDURE `SP_S_GRADOS_ACADEMICOS`()
BEGIN
SELECT * FROM administracionescolar.grados_academicos;
END ;;
DELIMITER ;
/*!50003 SET sql_mode              = @saved_sql_mode */ ;
/*!50003 SET character_set_client  = @saved_cs_client */ ;
/*!50003 SET character_set_results = @saved_cs_results */ ;
/*!50003 SET collation_connection  = @saved_col_connection */ ;
/*!50003 DROP PROCEDURE IF EXISTS `SP_S_LOGUIN_DOCENTES` */;
/*!50003 SET @saved_cs_client      = @@character_set_client */ ;
/*!50003 SET @saved_cs_results     = @@character_set_results */ ;
/*!50003 SET @saved_col_connection = @@collation_connection */ ;
/*!50003 SET character_set_client  = utf8mb4 */ ;
/*!50003 SET character_set_results = utf8mb4 */ ;
/*!50003 SET collation_connection  = utf8mb4_0900_ai_ci */ ;
/*!50003 SET @saved_sql_mode       = @@sql_mode */ ;
/*!50003 SET sql_mode              = 'STRICT_TRANS_TABLES,NO_ENGINE_SUBSTITUTION' */ ;
DELIMITER ;;
CREATE DEFINER=`root`@`localhost` PROCEDURE `SP_S_LOGUIN_DOCENTES`(
PCorreo_Electronico varchar(100), 
PPass varchar (600))
BEGIN
select * from docentes 
where Correo_Electronico = PCorreo_Electronico
 and Pass = sha2(PPass,512);
END ;;
DELIMITER ;
/*!50003 SET sql_mode              = @saved_sql_mode */ ;
/*!50003 SET character_set_client  = @saved_cs_client */ ;
/*!50003 SET character_set_results = @saved_cs_results */ ;
/*!50003 SET collation_connection  = @saved_col_connection */ ;
/*!50003 DROP PROCEDURE IF EXISTS `SP_S_LOGUIN_ESTUDIANTES` */;
/*!50003 SET @saved_cs_client      = @@character_set_client */ ;
/*!50003 SET @saved_cs_results     = @@character_set_results */ ;
/*!50003 SET @saved_col_connection = @@collation_connection */ ;
/*!50003 SET character_set_client  = utf8mb4 */ ;
/*!50003 SET character_set_results = utf8mb4 */ ;
/*!50003 SET collation_connection  = utf8mb4_0900_ai_ci */ ;
/*!50003 SET @saved_sql_mode       = @@sql_mode */ ;
/*!50003 SET sql_mode              = 'STRICT_TRANS_TABLES,NO_ENGINE_SUBSTITUTION' */ ;
DELIMITER ;;
CREATE DEFINER=`root`@`localhost` PROCEDURE `SP_S_LOGUIN_ESTUDIANTES`(
PCorreo_Electronico varchar (100), 
Ppass varchar(600)
)
BEGIN
select * from estudiantes
 where Correo_Electronico = PCorreo_Electronico 
 and Pass = sha2(Ppass,512);
END ;;
DELIMITER ;
/*!50003 SET sql_mode              = @saved_sql_mode */ ;
/*!50003 SET character_set_client  = @saved_cs_client */ ;
/*!50003 SET character_set_results = @saved_cs_results */ ;
/*!50003 SET collation_connection  = @saved_col_connection */ ;
/*!50003 DROP PROCEDURE IF EXISTS `SP_S_MATERIAS` */;
/*!50003 SET @saved_cs_client      = @@character_set_client */ ;
/*!50003 SET @saved_cs_results     = @@character_set_results */ ;
/*!50003 SET @saved_col_connection = @@collation_connection */ ;
/*!50003 SET character_set_client  = utf8mb4 */ ;
/*!50003 SET character_set_results = utf8mb4 */ ;
/*!50003 SET collation_connection  = utf8_general_ci */ ;
/*!50003 SET @saved_sql_mode       = @@sql_mode */ ;
/*!50003 SET sql_mode              = 'NO_AUTO_VALUE_ON_ZERO' */ ;
DELIMITER ;;
CREATE DEFINER=`root`@`localhost` PROCEDURE `SP_S_MATERIAS`()
BEGIN
SELECT * FROM administracionescolar.materias;
END ;;
DELIMITER ;
/*!50003 SET sql_mode              = @saved_sql_mode */ ;
/*!50003 SET character_set_client  = @saved_cs_client */ ;
/*!50003 SET character_set_results = @saved_cs_results */ ;
/*!50003 SET collation_connection  = @saved_col_connection */ ;
/*!50003 DROP PROCEDURE IF EXISTS `SP_S_MATERIAS_ALUMNOS` */;
/*!50003 SET @saved_cs_client      = @@character_set_client */ ;
/*!50003 SET @saved_cs_results     = @@character_set_results */ ;
/*!50003 SET @saved_col_connection = @@collation_connection */ ;
/*!50003 SET character_set_client  = utf8mb4 */ ;
/*!50003 SET character_set_results = utf8mb4 */ ;
/*!50003 SET collation_connection  = utf8mb4_0900_ai_ci */ ;
/*!50003 SET @saved_sql_mode       = @@sql_mode */ ;
/*!50003 SET sql_mode              = 'STRICT_TRANS_TABLES,NO_ENGINE_SUBSTITUTION' */ ;
DELIMITER ;;
CREATE DEFINER=`root`@`localhost` PROCEDURE `SP_S_MATERIAS_ALUMNOS`()
BEGIN
SELECT * FROM administracionescolar.materias_alumnos;
END ;;
DELIMITER ;
/*!50003 SET sql_mode              = @saved_sql_mode */ ;
/*!50003 SET character_set_client  = @saved_cs_client */ ;
/*!50003 SET character_set_results = @saved_cs_results */ ;
/*!50003 SET collation_connection  = @saved_col_connection */ ;
/*!50003 DROP PROCEDURE IF EXISTS `SP_S_MATERIAS_DOCENTES` */;
/*!50003 SET @saved_cs_client      = @@character_set_client */ ;
/*!50003 SET @saved_cs_results     = @@character_set_results */ ;
/*!50003 SET @saved_col_connection = @@collation_connection */ ;
/*!50003 SET character_set_client  = utf8mb4 */ ;
/*!50003 SET character_set_results = utf8mb4 */ ;
/*!50003 SET collation_connection  = utf8mb4_0900_ai_ci */ ;
/*!50003 SET @saved_sql_mode       = @@sql_mode */ ;
/*!50003 SET sql_mode              = 'STRICT_TRANS_TABLES,NO_ENGINE_SUBSTITUTION' */ ;
DELIMITER ;;
CREATE DEFINER=`root`@`localhost` PROCEDURE `SP_S_MATERIAS_DOCENTES`()
BEGIN
SELECT * FROM administracionescolar.materias_docentes;
END ;;
DELIMITER ;
/*!50003 SET sql_mode              = @saved_sql_mode */ ;
/*!50003 SET character_set_client  = @saved_cs_client */ ;
/*!50003 SET character_set_results = @saved_cs_results */ ;
/*!50003 SET collation_connection  = @saved_col_connection */ ;
/*!50003 DROP PROCEDURE IF EXISTS `SP_S_NOTAS` */;
/*!50003 SET @saved_cs_client      = @@character_set_client */ ;
/*!50003 SET @saved_cs_results     = @@character_set_results */ ;
/*!50003 SET @saved_col_connection = @@collation_connection */ ;
/*!50003 SET character_set_client  = utf8mb4 */ ;
/*!50003 SET character_set_results = utf8mb4 */ ;
/*!50003 SET collation_connection  = utf8_general_ci */ ;
/*!50003 SET @saved_sql_mode       = @@sql_mode */ ;
/*!50003 SET sql_mode              = 'NO_AUTO_VALUE_ON_ZERO' */ ;
DELIMITER ;;
CREATE DEFINER=`root`@`localhost` PROCEDURE `SP_S_NOTAS`()
BEGIN
SELECT * FROM administracionescolar.notas;
END ;;
DELIMITER ;
/*!50003 SET sql_mode              = @saved_sql_mode */ ;
/*!50003 SET character_set_client  = @saved_cs_client */ ;
/*!50003 SET character_set_results = @saved_cs_results */ ;
/*!50003 SET collation_connection  = @saved_col_connection */ ;
/*!50003 DROP PROCEDURE IF EXISTS `SP_S_PERSONAS` */;
/*!50003 SET @saved_cs_client      = @@character_set_client */ ;
/*!50003 SET @saved_cs_results     = @@character_set_results */ ;
/*!50003 SET @saved_col_connection = @@collation_connection */ ;
/*!50003 SET character_set_client  = utf8mb4 */ ;
/*!50003 SET character_set_results = utf8mb4 */ ;
/*!50003 SET collation_connection  = utf8_general_ci */ ;
/*!50003 SET @saved_sql_mode       = @@sql_mode */ ;
/*!50003 SET sql_mode              = 'NO_AUTO_VALUE_ON_ZERO' */ ;
DELIMITER ;;
CREATE DEFINER=`root`@`localhost` PROCEDURE `SP_S_PERSONAS`()
BEGIN
SELECT * FROM administracionescolar.personas;
END ;;
DELIMITER ;
/*!50003 SET sql_mode              = @saved_sql_mode */ ;
/*!50003 SET character_set_client  = @saved_cs_client */ ;
/*!50003 SET character_set_results = @saved_cs_results */ ;
/*!50003 SET collation_connection  = @saved_col_connection */ ;
/*!50003 DROP PROCEDURE IF EXISTS `SP_U_DOCENTES` */;
/*!50003 SET @saved_cs_client      = @@character_set_client */ ;
/*!50003 SET @saved_cs_results     = @@character_set_results */ ;
/*!50003 SET @saved_col_connection = @@collation_connection */ ;
/*!50003 SET character_set_client  = utf8mb4 */ ;
/*!50003 SET character_set_results = utf8mb4 */ ;
/*!50003 SET collation_connection  = utf8mb4_0900_ai_ci */ ;
/*!50003 SET @saved_sql_mode       = @@sql_mode */ ;
/*!50003 SET sql_mode              = 'STRICT_TRANS_TABLES,NO_ENGINE_SUBSTITUTION' */ ;
DELIMITER ;;
CREATE DEFINER=`root`@`localhost` PROCEDURE `SP_U_DOCENTES`(
PidDocente int(11),
PidPersona int(11),
PCorreo_Electronico varchar(100),
PPass varchar (600), 
PEspecialidad varchar(45),
PUltima_Modificacion date,
PEstado int(11))
BEGIN
update docentes set idPersona = PidPersona,  Correo_Electronico = PCorreo_Electronico, Pass = sha2(PPass,512), 
Especialidad = PEspecialidad, Ultima_Modificacion = PUltima_Modificacion, Estado = PEstado
where idDocente = PidDocente;
END ;;
DELIMITER ;
/*!50003 SET sql_mode              = @saved_sql_mode */ ;
/*!50003 SET character_set_client  = @saved_cs_client */ ;
/*!50003 SET character_set_results = @saved_cs_results */ ;
/*!50003 SET collation_connection  = @saved_col_connection */ ;
/*!50003 DROP PROCEDURE IF EXISTS `SP_U_ESTUDIANTE` */;
/*!50003 SET @saved_cs_client      = @@character_set_client */ ;
/*!50003 SET @saved_cs_results     = @@character_set_results */ ;
/*!50003 SET @saved_col_connection = @@collation_connection */ ;
/*!50003 SET character_set_client  = utf8mb4 */ ;
/*!50003 SET character_set_results = utf8mb4 */ ;
/*!50003 SET collation_connection  = utf8mb4_0900_ai_ci */ ;
/*!50003 SET @saved_sql_mode       = @@sql_mode */ ;
/*!50003 SET sql_mode              = 'STRICT_TRANS_TABLES,NO_ENGINE_SUBSTITUTION' */ ;
DELIMITER ;;
CREATE DEFINER=`root`@`localhost` PROCEDURE `SP_U_ESTUDIANTE`(
PidEstudiante int(11),
PidPersona int(11),
PCorreo_Electronico varchar(100),
PPass varchar (600), 
PidGradoAcademico int,
PUltima_Modificacion date,
PEstado int (11) )
BEGIN
update estudiantes set idPersona = PidPersona, 
 Correo_Electronico = PCorreo_Electronico, Pass = sha2(PPass,512), 
 idGradoAcademico = PidGradoAcademico, Ultima_modificacion = PUltima_Modificacion, 
 Estado = PEstado
 where idEstudiante = PidEstudiante; 
END ;;
DELIMITER ;
/*!50003 SET sql_mode              = @saved_sql_mode */ ;
/*!50003 SET character_set_client  = @saved_cs_client */ ;
/*!50003 SET character_set_results = @saved_cs_results */ ;
/*!50003 SET collation_connection  = @saved_col_connection */ ;
/*!50003 DROP PROCEDURE IF EXISTS `SP_U_GRADOS_ACADEMICOS` */;
/*!50003 SET @saved_cs_client      = @@character_set_client */ ;
/*!50003 SET @saved_cs_results     = @@character_set_results */ ;
/*!50003 SET @saved_col_connection = @@collation_connection */ ;
/*!50003 SET character_set_client  = utf8mb4 */ ;
/*!50003 SET character_set_results = utf8mb4 */ ;
/*!50003 SET collation_connection  = utf8mb4_0900_ai_ci */ ;
/*!50003 SET @saved_sql_mode       = @@sql_mode */ ;
/*!50003 SET sql_mode              = 'STRICT_TRANS_TABLES,NO_ENGINE_SUBSTITUTION' */ ;
DELIMITER ;;
CREATE DEFINER=`root`@`localhost` PROCEDURE `SP_U_GRADOS_ACADEMICOS`(
PidGradoAcademico int(11),
PNombre_GradoAcad varchar(50),
PUltima_Modificacion date,
PEstado int(11)
)
BEGIN
update grados_academicos set Nombre_GradoAcad = PNombre_GradoAcad, 
Ultima_Modificacion = PUltima_Modificacion, Estado = PEstado 
where idGradoAcademico = PIdGradoAcademico;
END ;;
DELIMITER ;
/*!50003 SET sql_mode              = @saved_sql_mode */ ;
/*!50003 SET character_set_client  = @saved_cs_client */ ;
/*!50003 SET character_set_results = @saved_cs_results */ ;
/*!50003 SET collation_connection  = @saved_col_connection */ ;
/*!50003 DROP PROCEDURE IF EXISTS `SP_U_MATERIAS` */;
/*!50003 SET @saved_cs_client      = @@character_set_client */ ;
/*!50003 SET @saved_cs_results     = @@character_set_results */ ;
/*!50003 SET @saved_col_connection = @@collation_connection */ ;
/*!50003 SET character_set_client  = utf8mb4 */ ;
/*!50003 SET character_set_results = utf8mb4 */ ;
/*!50003 SET collation_connection  = utf8mb4_0900_ai_ci */ ;
/*!50003 SET @saved_sql_mode       = @@sql_mode */ ;
/*!50003 SET sql_mode              = 'STRICT_TRANS_TABLES,NO_ENGINE_SUBSTITUTION' */ ;
DELIMITER ;;
CREATE DEFINER=`root`@`localhost` PROCEDURE `SP_U_MATERIAS`(
PidMateria int (12),
PNombre_Materia varchar (45),
PUltima_Modificacion date,
PEstado int(11)
)
BEGIN
update materias set Nombre_Materia = PNombre_Materia, Ultima_Modificacion = PUltima_Modificacion,
Estado = PEstado 
where idMateria = PidMateria;
END ;;
DELIMITER ;
/*!50003 SET sql_mode              = @saved_sql_mode */ ;
/*!50003 SET character_set_client  = @saved_cs_client */ ;
/*!50003 SET character_set_results = @saved_cs_results */ ;
/*!50003 SET collation_connection  = @saved_col_connection */ ;
/*!50003 DROP PROCEDURE IF EXISTS `SP_U_MATERIAS_ALUMNOS` */;
/*!50003 SET @saved_cs_client      = @@character_set_client */ ;
/*!50003 SET @saved_cs_results     = @@character_set_results */ ;
/*!50003 SET @saved_col_connection = @@collation_connection */ ;
/*!50003 SET character_set_client  = utf8mb4 */ ;
/*!50003 SET character_set_results = utf8mb4 */ ;
/*!50003 SET collation_connection  = utf8mb4_0900_ai_ci */ ;
/*!50003 SET @saved_sql_mode       = @@sql_mode */ ;
/*!50003 SET sql_mode              = 'STRICT_TRANS_TABLES,NO_ENGINE_SUBSTITUTION' */ ;
DELIMITER ;;
CREATE DEFINER=`root`@`localhost` PROCEDURE `SP_U_MATERIAS_ALUMNOS`(
PidMateriaAlumno int (11),
PidEstudiante int (11),
PidMateria int (11),
PUltima_Modificacion date,
PEstado int (11)
)
BEGIN
update materias_alumnos set idEstudiante = PidEstudiante, idMateria = PidMateria, 
Ultima_Modificacion = PUltima_Modificacion, Estado = PEstado 
where idMateriaAlumno = PidMateriaAlumno;
END ;;
DELIMITER ;
/*!50003 SET sql_mode              = @saved_sql_mode */ ;
/*!50003 SET character_set_client  = @saved_cs_client */ ;
/*!50003 SET character_set_results = @saved_cs_results */ ;
/*!50003 SET collation_connection  = @saved_col_connection */ ;
/*!50003 DROP PROCEDURE IF EXISTS `SP_U_MATERIAS_DOCENTES` */;
/*!50003 SET @saved_cs_client      = @@character_set_client */ ;
/*!50003 SET @saved_cs_results     = @@character_set_results */ ;
/*!50003 SET @saved_col_connection = @@collation_connection */ ;
/*!50003 SET character_set_client  = utf8mb4 */ ;
/*!50003 SET character_set_results = utf8mb4 */ ;
/*!50003 SET collation_connection  = utf8mb4_0900_ai_ci */ ;
/*!50003 SET @saved_sql_mode       = @@sql_mode */ ;
/*!50003 SET sql_mode              = 'STRICT_TRANS_TABLES,NO_ENGINE_SUBSTITUTION' */ ;
DELIMITER ;;
CREATE DEFINER=`root`@`localhost` PROCEDURE `SP_U_MATERIAS_DOCENTES`(
PidMateriaDocente int (11),
PidDocente int (11),
PidMateria int (11),
PUltima_Modificacion date,
PEstado int (11)
)
BEGIN
update materias_docentes set idDocente = PidDocente, idMateria = PidMateria,
 Ultima_Modificacion = PUltima_Modificacion, Estado = PEstado 
where idMateriaDocente = PidMateriaDocente;
END ;;
DELIMITER ;
/*!50003 SET sql_mode              = @saved_sql_mode */ ;
/*!50003 SET character_set_client  = @saved_cs_client */ ;
/*!50003 SET character_set_results = @saved_cs_results */ ;
/*!50003 SET collation_connection  = @saved_col_connection */ ;
/*!50003 DROP PROCEDURE IF EXISTS `SP_U_NOTAS` */;
/*!50003 SET @saved_cs_client      = @@character_set_client */ ;
/*!50003 SET @saved_cs_results     = @@character_set_results */ ;
/*!50003 SET @saved_col_connection = @@collation_connection */ ;
/*!50003 SET character_set_client  = utf8mb4 */ ;
/*!50003 SET character_set_results = utf8mb4 */ ;
/*!50003 SET collation_connection  = utf8mb4_0900_ai_ci */ ;
/*!50003 SET @saved_sql_mode       = @@sql_mode */ ;
/*!50003 SET sql_mode              = 'STRICT_TRANS_TABLES,NO_ENGINE_SUBSTITUTION' */ ;
DELIMITER ;;
CREATE DEFINER=`root`@`localhost` PROCEDURE `SP_U_NOTAS`(
PidNota int (11),
PidEstudiante int (11),
PidMateria int (11),
PPeriodo1 decimal(4,2),
PPeriodo2 decimal(4,2),
PPeriodo3 decimal(4,2),
PNota_Final decimal(4,2),
PRecuperacion decimal(4,2),
PUltima_Modificacion date,
PEstado int(11)
)
BEGIN
update notas set idEstudiante = PidEstudiante, idMateria = PidMateria, 
Periodo1=PPeriodo1, Periodo2=PPeriodo2, Periodo3=PPeriodo3, 
Nota_Final = PNotaF_inal, Recuperacion = PRecuperacion, 
Ultima_Modificacion = PUltima_Modificacion, Estado = PEstado
 where idNota = PidNota;
END ;;
DELIMITER ;
/*!50003 SET sql_mode              = @saved_sql_mode */ ;
/*!50003 SET character_set_client  = @saved_cs_client */ ;
/*!50003 SET character_set_results = @saved_cs_results */ ;
/*!50003 SET collation_connection  = @saved_col_connection */ ;
/*!50003 DROP PROCEDURE IF EXISTS `SP_U_PERSONAS` */;
/*!50003 SET @saved_cs_client      = @@character_set_client */ ;
/*!50003 SET @saved_cs_results     = @@character_set_results */ ;
/*!50003 SET @saved_col_connection = @@collation_connection */ ;
/*!50003 SET character_set_client  = utf8mb4 */ ;
/*!50003 SET character_set_results = utf8mb4 */ ;
/*!50003 SET collation_connection  = utf8mb4_0900_ai_ci */ ;
/*!50003 SET @saved_sql_mode       = @@sql_mode */ ;
/*!50003 SET sql_mode              = 'STRICT_TRANS_TABLES,NO_ENGINE_SUBSTITUTION' */ ;
DELIMITER ;;
CREATE DEFINER=`root`@`localhost` PROCEDURE `SP_U_PERSONAS`(
PidPersona int(11),
PNombre varchar (45), 
PApellido varchar (45), 
PSexo varchar(45),
PDui varchar(45),
PNit varchar(45),
PFecha_Nacimiento date,
PUltima_Modificacion date,
PEstado int(11))
BEGIN
update personas set Nombre = PNombre, Apellido = PApellido, Sexo = PSexo, Dui=PDui,
 Nit=PNit, Fecha_Nacimiento = PFecha_Nacimiento, Ultima_Modificacion = PUltima_Modificacion, 
Estado = PEstado
where idPersona = PidPersona; 
END ;;
DELIMITER ;
/*!50003 SET sql_mode              = @saved_sql_mode */ ;
/*!50003 SET character_set_client  = @saved_cs_client */ ;
/*!50003 SET character_set_results = @saved_cs_results */ ;
/*!50003 SET collation_connection  = @saved_col_connection */ ;
/*!40103 SET TIME_ZONE=@OLD_TIME_ZONE */;

/*!40101 SET SQL_MODE=@OLD_SQL_MODE */;
/*!40014 SET FOREIGN_KEY_CHECKS=@OLD_FOREIGN_KEY_CHECKS */;
/*!40014 SET UNIQUE_CHECKS=@OLD_UNIQUE_CHECKS */;
/*!40101 SET CHARACTER_SET_CLIENT=@OLD_CHARACTER_SET_CLIENT */;
/*!40101 SET CHARACTER_SET_RESULTS=@OLD_CHARACTER_SET_RESULTS */;
/*!40101 SET COLLATION_CONNECTION=@OLD_COLLATION_CONNECTION */;
/*!40111 SET SQL_NOTES=@OLD_SQL_NOTES */;

-- Dump completed on 2020-11-19 15:39:17
